first_name,last_name,gender,date_of_birth,cust_password,email,phone_number,house_number,street,city,country
Benson,Cowderay,Male,1/6/2000,oG6<NsGusipISm7,bcowderay0@rakuten.co.jp,525-342-4794,84,Mosinee,Sutton,United Kingdom
Gibby,Dany,Male,5/3/2004,"zD3\5A},~P,DV>",gdany1@guardian.co.uk,203-540-5781,0,Melody,Hatton,United Kingdom
Patrizius,Couth,Male,1/16/1980,cH5~5{>9*3JxB,pcouth2@dropbox.com,882-140-1171,9073,Loeprich,Glasgow,United Kingdom
Flossie,Beddows,Female,2/17/1961,nQ9\V~sbJ,fbeddows3@yolasite.com,703-161-9211,1592,Clarendon,London,United Kingdom
Selia,Chappelow,Female,5/2/1958,bT5/D(z#)+b>y,schappelow4@creativecommons.org,283-416-5910,52,Crowley,Marston,United Kingdom
Turner,Sopper,Male,1/1/1970,wM8`Ss~OEc&,tsopper5@pen.io,570-106-7401,8529,Ridgeview,Twyford,United Kingdom
Rand,Pettis,Polygender,4/28/1971,xE7>B=.Uuv@#R,rpettis6@etsy.com,197-933-3568,9,Maple,Birmingham,United Kingdom
Margareta,Joincey,Female,4/5/1989,kM6$'D&l2L(zv,mjoincey7@berkeley.edu,993-984-6419,35687,Donald,Ford,United Kingdom
Lindsay,Bande,Male,1/7/1972,uQ1~Zd<+ld\V{P.\,lbande8@facebook.com,290-488-7843,8,Anniversary,Langley,United Kingdom
Lev,Geelan,Male,3/10/1991,aX6+3=M%C*9,lgeelan9@xrea.com,611-703-5169,99479,Loomis,Church End,United Kingdom
Letisha,Greensides,Female,4/5/1972,"uT1|zmI""`LvCQu",lgreensidesa@buzzfeed.com,727-635-4722,47194,Hoepker,Milton,United Kingdom
Shadow,Sawkins,Genderqueer,1/16/1968,bX3}d7od>5sMfp,ssawkinsb@sbwire.com,706-393-3407,1988,Express,Horton,United Kingdom
Elladine,Antecki,Female,11/7/2007,"aC0,>""I8rQ`yMDN",eanteckic@geocities.jp,721-197-4229,2,Myrtle,Newton,United Kingdom
Marguerite,Grisenthwaite,Female,2/20/2007,hZ0~z\(ghnFJ>,mgrisenthwaited@macromedia.com,420-134-6107,87,Stang,Marston,United Kingdom
Jo-anne,Mynett,Female,10/18/1960,jM5!{/V?p&0x,jmynette@gov.uk,611-151-4164,90094,Hayes,Sheffield,United Kingdom
Kevin,Ebourne,Male,10/17/1976,pL0\0>9*jdAWIb,kebournef@dot.gov,686-380-4234,7,Westend,Wirral,United Kingdom
Marchall,Brogan,Male,6/13/1992,wB3#cVXt,mbrogang@soup.io,338-276-7312,03,Washington,Ashley,United Kingdom
Sibella,Conachy,Female,11/10/1967,qE0(#&P8Oe,sconachyh@blogs.com,663-726-3130,8376,Crest Line,Wirral,United Kingdom
Hastings,Sawle,Male,6/28/1973,"vC7%<Nx)),!+j",hsawlei@youtu.be,221-200-7359,86753,Morningstar,Stapleford,United Kingdom
Johnny,Pryer,Male,1/25/2001,pV4!NO`VP'/Gc~z,jpryerj@reuters.com,242-707-3383,882,Oakridge,London,United Kingdom
Fredek,Barnby,Male,4/19/1976,lY8__WpR.)2,fbarnbyk@businesswire.com,393-894-6605,0663,Forster,Buckland,United Kingdom
Briny,Altoft,Female,5/23/1967,bO5|MEelQ,baltoftl@last.fm,458-146-8267,92,Maple Wood,Norton,United Kingdom
Stanleigh,Francesconi,Male,1/10/1991,tY1/k|e8s+J,sfrancesconim@tuttocitta.it,498-508-9389,7652,Maryland,Upton,United Kingdom
Bat,O'Scanlan,Male,6/30/1984,"hL4,Go{.\M}?o",boscanlann@lulu.com,879-239-0032,8,Derek,Upton,United Kingdom
Sunny,Pietrzyk,Male,10/31/2000,dY0(`ej?Cudi,spietrzyko@wikimedia.org,576-290-8064,03,Eastwood,Church End,United Kingdom
Seward,Olding,Agender,12/26/1972,hQ0?ilHr%~,soldingp@hibu.com,176-211-0379,8,Schlimgen,London,United Kingdom
Hall,McTeer,Male,11/16/1973,fN8<9%RLCbbIx,hmcteerq@home.pl,400-515-2756,41388,Harbort,Upton,United Kingdom
Roxane,Axon,Female,11/10/1959,pU2`'8.*JCv>/T,raxonr@elpais.com,193-284-9886,7377,Declaration,West End,United Kingdom
Jean,Gilhooly,Male,2/6/1996,lP0%ujf}PLj5R,jgilhoolys@europa.eu,107-694-3837,355,Forest Dale,Upton,United Kingdom
Thain,Eat,Male,8/26/1988,"tJ6,h<02djXv6S",teatt@tinyurl.com,428-934-7240,518,Schurz,Leeds,United Kingdom
Meredith,Ruckhard,Female,9/6/1972,dW5<MFlx,mruckhardu@umich.edu,507-562-5336,036,Lerdahl,Church End,United Kingdom
Abba,Triggs,Male,12/2/1982,zH4!KIFftP1V|j,atriggsv@netvibes.com,370-618-1498,2,Nevada,Brampton,United Kingdom
Willey,Dealey,Male,10/8/1976,bM3!_>&W,wdealeyw@sphinn.com,760-197-4844,16994,Grim,Whitchurch,United Kingdom
Janenna,Riquet,Agender,6/29/1983,lY5=JG5T=}Cj,jriquetx@hud.gov,726-291-9037,84,Delaware,Newtown,United Kingdom
Waverly,McArdell,Male,1/12/1993,"zT1\YEEYw""2",wmcardelly@biblegateway.com,502-287-7610,0453,Longview,London,United Kingdom
Alfonse,Lindwall,Male,6/19/1975,rR1$Nud?nT_*1#,alindwallz@slideshare.net,387-801-0497,9,Scoville,Belfast,United Kingdom
Ivie,Norfolk,Female,12/13/1997,uI2+e~<sM,inorfolk10@biglobe.ne.jp,926-428-9430,1436,Helena,Brampton,United Kingdom
Farrah,Baggett,Female,10/15/1962,hZ0}73v7Z(#=vx#$,fbaggett11@engadget.com,615-756-9749,06,Longview,Weston,United Kingdom
Phillipp,Safell,Genderfluid,10/4/1965,"eA5""nCBOoE)",psafell12@sciencedaily.com,415-274-4073,57092,Scoville,Burnside,United Kingdom
Minta,Effemy,Female,7/8/1979,"wQ1??1.Jzn4V,I@",meffemy13@loc.gov,546-257-7491,59980,Prairieview,Newport,United Kingdom
Graehme,Carnew,Male,1/28/2000,"xX7+}=""ab",gcarnew14@deviantart.com,948-163-2197,28230,Cascade,Eaton,United Kingdom
Rodie,Pennini,Female,8/1/1969,aL9)dbk4UMcvM,rpennini15@npr.org,920-508-1167,78160,Loomis,Milton,United Kingdom
Kaiser,Bristow,Male,6/25/1963,aJ4~`c~hAIMoC,kbristow16@ycombinator.com,985-864-8967,312,Kensington,Kinloch,United Kingdom
Perkin,Meade,Male,4/21/1974,qV6?V'hW,pmeade17@photobucket.com,621-210-3597,18,Hooker,Newport,United Kingdom
Alikee,Piatek,Female,1/21/1964,bL5`S+9(`,apiatek18@ezinearticles.com,392-812-4041,070,Birchwood,London,United Kingdom
Cathi,Woonton,Female,1/6/1961,"xE8""(!@=mH",cwoonton19@xing.com,739-149-8583,6244,Merrick,London,United Kingdom
Johann,Fullman,Male,2/12/2005,jG8%C*drI|,jfullman1a@aol.com,927-996-4361,61633,Eastlawn,Horton,United Kingdom
Charlotta,Duding,Female,6/1/1962,yD9'Y&D?,cduding1b@vinaora.com,237-611-8797,267,Farwell,Tullich,United Kingdom
Stacy,Rollins,Female,7/28/1990,gU0&ad$rYd*O,srollins1c@wix.com,909-127-3845,63,Barby,Leeds,United Kingdom
Eamon,Acuna,Male,12/24/2004,"cE0+btROy,",eacuna1d@thetimes.co.uk,713-911-1417,36191,Warrior,Buckland,United Kingdom
Francyne,Marle,Female,7/21/1954,oM4~j!<z)3'oQ,fmarle1e@eventbrite.com,675-535-8594,16,Dwight,Kingston,United Kingdom
Nichole,Beaumont,Female,2/5/1991,cB3%$Hj>OBvRm,nbeaumont1f@statcounter.com,774-515-3449,3,Fordem,Upton,United Kingdom
Ives,Haffenden,Male,4/12/1989,"eK5$oLO,oM",ihaffenden1g@blogspot.com,928-905-4181,4164,Crowley,Newtown,United Kingdom
Will,Nolot,Male,5/19/1996,"nM1,`TedJq49V",wnolot1h@sfgate.com,745-720-8712,437,Schiller,Newbiggin,United Kingdom
Allard,Tift,Agender,5/23/1972,nQ1(|If/dM1A1H,atift1i@xinhuanet.com,727-540-2905,0448,John Wall,Sutton,United Kingdom
Zorina,Donson,Female,3/3/2001,"lQ8"".PHyrF",zdonson1j@furl.net,604-798-2131,37,Trailsway,Walton,United Kingdom
Adelbert,Westhofer,Male,10/24/1985,cX1#QII6,awesthofer1k@de.vu,176-569-3384,83900,Division,Aston,United Kingdom
Alejoa,Hebner,Male,9/21/1993,cH1+2r.B&mkXZ,ahebner1l@diigo.com,293-582-6544,0,Lakeland,Linton,United Kingdom
Jerrilee,Peperell,Female,1/18/1968,rK1+(/C&Ec3G6,jpeperell1m@gizmodo.com,483-366-9873,90,Summer Ridge,Milton,United Kingdom
Vlad,Le Prevost,Male,8/22/1989,rO1)|W~d.Jze/,vleprevost1n@w3.org,228-295-5912,774,Brickson Park,London,United Kingdom
Wheeler,Aers,Male,8/27/1967,"sH9,Yh_H",waers1o@mail.ru,987-536-3972,22,West,Upton,United Kingdom
Wilfred,Lumby,Male,7/6/1959,cJ6&Ds<4)HrE$,wlumby1p@seesaa.net,458-784-8799,213,Luster,Dean,United Kingdom
Egor,Darnborough,Male,8/22/1997,eP8=f7Xky,edarnborough1q@bloomberg.com,869-749-6565,56,Pepper Wood,Halton,United Kingdom
Hobie,Bernollet,Polygender,12/23/2000,hZ5'&~V59X{`@,hbernollet1r@salon.com,225-213-9511,9,Twin Pines,Bristol,United Kingdom
Ambur,Abrahamoff,Genderfluid,2/10/1991,hW5=KB>sZ,aabrahamoff1s@yale.edu,398-182-9664,5,Kipling,Whitwell,United Kingdom
Ellen,Quogan,Female,12/20/2006,fT6}a%zOl&F45Sj,equogan1t@github.io,588-989-0865,918,Walton,West End,United Kingdom
Sanders,Edis,Bigender,7/1/1963,"rP0\TL,ZsRocM",sedis1u@mlb.com,897-541-5505,2664,Loomis,Church End,United Kingdom
Saundra,Walenta,Female,7/3/1960,hW4#_?37xkp,swalenta1v@blogger.com,584-933-0107,725,Daystar,Upton,United Kingdom
Earvin,Baulch,Male,5/16/1994,qD4%iY/eS{+,ebaulch1w@ucoz.ru,941-196-5506,3499,Schlimgen,Denton,United Kingdom
Tess,Tallon,Female,1/8/2004,qZ2.@?YLMY7,ttallon1x@51.la,563-322-4084,35,Burrows,Walton,United Kingdom
Bellanca,Lympenie,Female,11/6/1962,wG9=ML=R&U/,blympenie1y@hao123.com,105-348-3356,5500,Muir,London,United Kingdom
Elspeth,Madle,Female,10/2/1992,dL3&*v11LF4PM31R,emadle1z@chronoengine.com,827-198-1885,6,Mandrake,Newton,United Kingdom
Belia,Derham,Female,9/3/2000,nK8.T.p)cd`3,bderham20@odnoklassniki.ru,204-307-0133,366,Anniversary,London,United Kingdom
Yank,Richings,Male,9/24/1973,oZ7`WGQ%4/t,yrichings21@slate.com,362-329-5065,820,Prentice,Birmingham,United Kingdom
Jerri,Chaperlin,Male,8/30/2000,sQ5~s$~a,jchaperlin22@nifty.com,454-694-5451,4050,Bluejay,Charlton,United Kingdom
Wayne,Trenbay,Male,2/15/1979,cD7|>rKD\,wtrenbay23@latimes.com,552-170-7940,477,Sachtjen,Edinburgh,United Kingdom
Shina,Dederick,Female,9/15/2006,"mW2=6,=NJaS2ii&q",sdederick24@creativecommons.org,857-690-1186,6,Amoth,Denton,United Kingdom
Clemmie,Alonso,Male,12/20/1974,bG6&V>SOppqM>,calonso25@marketwatch.com,235-559-8662,728,Pine View,London,United Kingdom
Rowland,Swancott,Male,1/20/1994,iR2~>PIZP8&.C,rswancott26@blogger.com,282-269-2022,7485,Ruskin,Newton,United Kingdom
Crissie,Kleinbaum,Female,12/23/1971,pZ1@rBPS%&YwMhc,ckleinbaum27@arizona.edu,524-840-5515,98610,Pierstorff,Ford,United Kingdom
Ichabod,Ivanenkov,Male,9/7/1962,eB4={lCCfl,iivanenkov28@xinhuanet.com,541-431-5726,06,Kedzie,Aberdeen,United Kingdom
Engelbert,Jeandin,Male,5/29/1966,zL6&7.Sw3z|CsId,ejeandin29@stanford.edu,609-733-7610,6668,Eagle Crest,East End,United Kingdom
Teressa,Hedditch,Female,8/20/1956,qT0))!V$6$3jnqa,thedditch2a@geocities.jp,546-166-0217,641,Leroy,Newtown,United Kingdom
Lil,Izhakov,Female,6/1/1993,rP1!L*=3P>ge*gF,lizhakov2b@weather.com,820-585-5816,0837,Pleasure,Kinloch,United Kingdom
Anastasie,Bishopp,Polygender,4/20/1989,qW4(L/%Fw>4k?,abishopp2c@indiegogo.com,867-728-2700,58815,Meadow Valley,Edinburgh,United Kingdom
Connie,Cowlin,Female,11/26/1987,cQ6{jN@l,ccowlin2d@nytimes.com,384-111-5229,74,Mesta,Horton,United Kingdom
Hoyt,Bickerdike,Male,9/22/1971,wT7#%)dpj5V8<c,hbickerdike2e@tinypic.com,872-828-6313,1,Graceland,Sheffield,United Kingdom
Mair,Phripp,Female,4/18/1999,eL9(M>Jie.,mphripp2f@aol.com,995-982-3931,607,Crownhardt,Wootton,United Kingdom
Travus,Antonacci,Male,5/6/1954,sF7+0$0l.#F(Z*3F,tantonacci2g@xrea.com,676-792-1586,3967,Debra,Bristol,United Kingdom
Jenine,Liepina,Genderqueer,6/9/1974,cL4!*X~.7Mm,jliepina2h@cafepress.com,328-788-8740,3063,Vidon,Pentre,United Kingdom
Essy,Spelsbury,Non-binary,6/12/1965,uZ3/1a>m,espelsbury2i@biglobe.ne.jp,686-928-1636,3489,Carioca,Normanton,United Kingdom
Reese,Pashen,Male,6/7/1991,uE3%=AP'ud,rpashen2j@ifeng.com,842-520-3284,9,Harper,Manchester,United Kingdom
Ethelbert,Fursey,Male,8/28/1955,kR1@L~q$Y7?r,efursey2k@pen.io,499-572-0272,99234,Arapahoe,Newton,United Kingdom
Bea,Small,Female,7/11/2002,"nP9{V|""sd9UDtHX",bsmall2l@histats.com,960-727-1804,86,Reindahl,Pentre,United Kingdom
Angel,Rominov,Female,9/29/2005,zQ9/)gT2||,arominov2m@simplemachines.org,853-681-2603,07354,Ridge Oak,Marston,United Kingdom
Corabel,Forster,Female,10/5/2000,iD5&6{q9$,cforster2n@gizmodo.com,154-887-5936,991,Lighthouse Bay,Milton,United Kingdom
Nanni,Tuny,Female,6/29/2002,"mY3""pVBj+&,hc_",ntuny2o@mail.ru,906-600-8064,40,Hovde,Newport,United Kingdom
Paco,Umpleby,Male,8/13/1979,eT9_Aw&3FU},pumpleby2p@blogger.com,716-724-0282,03,Rusk,London,United Kingdom
Clevey,Ivanets,Male,1/16/1989,gE0*3gtp,civanets2q@un.org,999-631-1741,5332,Sherman,Sheffield,United Kingdom
Colin,Borell,Male,1/30/1970,gT3~#rv6)G,cborell2r@mysql.com,672-125-0983,92633,Florence,Newton,United Kingdom
Hertha,Livingston,Female,10/5/1976,nM1(j?E\3_BD7t,hlivingston2s@walmart.com,982-782-0167,2,Stang,Upton,United Kingdom
Caldwell,Dilrew,Genderfluid,9/13/1954,sY4}4)o!,cdilrew2t@tmall.com,804-634-4546,98,Mitchell,Belfast,United Kingdom
Whitney,Pierpoint,Male,6/26/1984,bB7<Zk!kul}6jpfg,wpierpoint2u@whitehouse.gov,886-951-1664,5700,Johnson,Brampton,United Kingdom
Kristal,Haggith,Female,10/2/1991,"gV8~`7*,C",khaggith2v@nps.gov,217-701-4319,13516,Bayside,Craigavon,United Kingdom
Ramonda,Derill,Female,11/18/1980,qD5+yZ?.5!bN#OQE,rderill2w@sina.com.cn,454-948-9767,836,Mallory,Manchester,United Kingdom
Malina,Tant,Female,10/27/1984,"wG6?5#z0""",mtant2x@icio.us,787-818-5838,333,Monica,London,United Kingdom
Devondra,Ionn,Female,11/1/1983,pZ6%ZTxG8,dionn2y@t.co,262-949-8628,30,Annamark,Wirral,United Kingdom
Dorelle,Jewers,Female,11/20/1954,"mZ1\$V,r3Qx{",djewers2z@hc360.com,853-643-6616,96885,Pearson,Linton,United Kingdom
Selina,D'Arrigo,Female,11/21/1996,sV4_}<Qgz9r{}M,sdarrigo30@answers.com,301-584-5257,023,Lotheville,London,United Kingdom
Tailor,Yelyashev,Male,3/22/1966,mG4$xiu.~,tyelyashev31@mail.ru,792-564-4082,6,Dryden,Sutton,United Kingdom
Karol,Fincham,Polygender,5/2/1973,"jI1,<}di",kfincham32@independent.co.uk,826-123-2797,0,Shelley,Liverpool,United Kingdom
Armando,McCarrick,Genderfluid,11/11/1971,mC9<Zp3x,amccarrick33@pbs.org,612-230-3910,77137,Ryan,Birmingham,United Kingdom
Jasmina,Basil,Female,5/25/2003,bJ1}(w$#wUqM8M,jbasil34@51.la,812-774-9984,251,Schiller,Wirral,United Kingdom
Lock,Glanister,Male,6/24/1963,cM4_A=+Qc),lglanister35@ocn.ne.jp,969-244-5631,435,Green Ridge,Wirral,United Kingdom
Lucine,Thurlborn,Female,2/18/1999,yB9<LCYV'9(>.Y,lthurlborn36@google.com,739-844-5083,638,Marquette,Manchester,United Kingdom
Fulton,Samudio,Male,12/22/2006,uY9}6H6WBr$+2,fsamudio37@creativecommons.org,319-920-7527,64,Union,Birmingham,United Kingdom
Cathie,Janeway,Female,6/8/1977,"oO8_'!*dWR,pfc",cjaneway38@altervista.org,820-912-5708,3609,Florence,Liverpool,United Kingdom
Giacobo,Beavon,Male,6/23/1999,"rL0>5j,jR4",gbeavon39@edublogs.org,801-433-1694,92197,Delaware,Langley,United Kingdom
Sorcha,Treweek,Polygender,12/26/1961,fI0`&u<\=m\,streweek3a@amazon.co.jp,195-813-0196,1,Morning,Sheffield,United Kingdom
Violet,Coote,Agender,5/28/1991,"bY5'5tGU,q",vcoote3b@ftc.gov,253-765-5194,28,Cottonwood,Swindon,United Kingdom
Bernhard,Vasyutkin,Male,5/13/1966,gN3~@Os1/},bvasyutkin3c@sciencedirect.com,573-401-1556,37,Mendota,Marston,United Kingdom
Aharon,Gisbourn,Male,4/12/1971,fD2)99<_HIeO,agisbourn3d@sourceforge.net,402-907-2332,1,Florence,Liverpool,United Kingdom
Marcello,Tottie,Male,3/21/2000,lC6+Ov+x,mtottie3e@umn.edu,836-125-0523,22221,Carey,Aberdeen,United Kingdom
Jacintha,Proudler,Female,10/17/1974,oO5&R?NiGo,jproudler3f@sohu.com,618-258-3445,3,Oneill,Thorpe,United Kingdom
Garrett,Marrows,Male,2/22/1988,nC6(1/fA9uqJgh!R,gmarrows3g@tripod.com,318-709-8754,21,Granby,Marston,United Kingdom
Angeline,Legate,Female,4/14/1992,hY3!73=UI?.x5,alegate3h@apache.org,907-733-9067,58440,Dorton,London,United Kingdom
Neely,Ezzle,Female,6/23/1964,gA1_J?6qb5YfP',nezzle3i@bbc.co.uk,121-458-9610,4682,School,Marston,United Kingdom
Peggy,Mac Giany,Female,11/4/1962,oJ8$fv~G~%L4l,pmacgiany3j@bloglovin.com,998-166-5029,54022,Loeprich,Upton,United Kingdom
Ignaz,Melly,Male,12/10/2003,"cX9"">VL@$#9.>EM",imelly3k@diigo.com,802-819-2439,457,Lien,London,United Kingdom
Phyllys,Farrer,Female,3/27/2008,pN0+qm39$b,pfarrer3l@economist.com,750-221-3203,85,Dapin,Belfast,United Kingdom
Verile,Stelljes,Female,12/4/1969,"eQ2&H6""TbY""",vstelljes3m@ning.com,787-858-9154,12018,Delladonna,East End,United Kingdom
Gail,Cordrey,Male,10/21/1985,"tB8&E>k5,1q'U",gcordrey3n@acquirethisname.com,951-823-0515,489,Fallview,Liverpool,United Kingdom
Claribel,Ridehalgh,Female,12/18/1996,xJ3~o{oN!k,cridehalgh3o@fda.gov,333-891-3578,24,7th,Whitwell,United Kingdom
Lynne,Bodicam,Female,11/10/2005,uP1.m?='!8p,lbodicam3p@fema.gov,458-898-4127,62,Ridgeview,Kinloch,United Kingdom
Fonsie,Lineker,Male,12/6/1978,hR3{BKMmNoNRj,flineker3q@wikipedia.org,932-464-8049,53,Buell,Birmingham,United Kingdom
Dewain,Pflieger,Male,1/22/1987,rU3}%bD/%'JhqoTH,dpflieger3r@chron.com,366-741-4181,17443,Darwin,Langley,United Kingdom
Dyanna,Minker,Agender,9/16/1961,"wG9<k""dfIZ0I",dminker3s@cdbaby.com,403-418-4132,240,Banding,Bristol,United Kingdom
Aurore,Ingon,Female,7/11/1993,eB1(sY2yJZV,aingon3t@a8.net,640-747-0577,266,Corscot,Stapleford,United Kingdom
Ebony,Freear,Non-binary,10/10/1993,sA5?L4@wca,efreear3u@php.net,410-305-2674,34643,Muir,London,United Kingdom
Marci,Dat,Female,11/28/1997,eT0~#~?gy(qE,mdat3v@goo.gl,975-789-6057,202,Laurel,London,United Kingdom
Cort,Dodimead,Male,11/20/1972,"uP4@J<'Cz""SNOw",cdodimead3w@dailymotion.com,851-959-0507,70539,Fair Oaks,Linton,United Kingdom
Felisha,McCaighey,Female,4/17/1964,"hA7""@T(Cud""'j",fmccaighey3x@europa.eu,797-767-3856,0375,Mandrake,Church End,United Kingdom
Averil,McMeanma,Female,12/21/2002,cY8$UDI0ED>,amcmeanma3y@marketwatch.com,904-586-4345,23118,Green,London,United Kingdom
Jefferey,Ketcher,Male,6/6/1985,dD6_+2<BA*Q,jketcher3z@stumbleupon.com,126-707-6530,3193,Ramsey,Whitwell,United Kingdom
Ludovico,Denny,Male,11/26/1991,pS5)kEv6I0?zLG,ldenny40@bbb.org,912-711-5208,8,Northfield,London,United Kingdom
Blithe,Britner,Female,9/4/2001,"dB5,iX'P\~tt2!pN",bbritner41@google.pl,294-602-8118,2784,Surrey,Langley,United Kingdom
Jesse,Haysom,Male,5/26/1985,aG9%JO7!)bZzLam,jhaysom42@google.pl,462-986-9566,4020,Commercial,Edinburgh,United Kingdom
Kizzee,D'Emanuele,Genderfluid,5/25/1993,iZ3(mK_G#*8,kdemanuele43@sourceforge.net,457-381-9152,23,Holy Cross,Kinloch,United Kingdom
Aristotle,Elgood,Male,10/8/1964,nC6.>_92&0X+Qq<5,aelgood44@baidu.com,469-375-7549,01349,Gina,Walton,United Kingdom
Orella,Stanney,Female,7/28/2001,dP2<BuJIFkJH,ostanney45@discovery.com,564-845-9173,1,Merrick,Newport,United Kingdom
Renado,Gitsham,Male,5/16/1971,mI6~Tw=uI(5,rgitsham46@51.la,117-687-9493,94792,Marcy,Sutton,United Kingdom
Rochella,Size,Female,11/9/1955,kX4@T}?MDe7uLI\,rsize47@tumblr.com,395-271-9164,19441,Sherman,Liverpool,United Kingdom
Emiline,Torres,Female,5/6/1966,"bW1""Skm_Biu",etorres48@comsenz.com,270-746-4471,7351,Lerdahl,Wirral,United Kingdom
Bevon,Harder,Male,8/9/1998,fD0'sZt$+=h,bharder49@irs.gov,313-502-2209,288,Logan,Brampton,United Kingdom
Murielle,Sherrell,Polygender,7/1/1983,sC2<n)Er`\=Pv,msherrell4a@mashable.com,361-181-1722,2114,Dexter,Preston,United Kingdom
Milli,Soares,Female,6/10/1967,tV2+xdKVN9zo,msoares4b@ustream.tv,301-948-9629,996,Butternut,Wootton,United Kingdom
Nicolle,Fetherstone,Female,6/11/1985,cS4>~IV$Tm7PQFaR,nfetherstone4c@edublogs.org,839-320-7596,5,Oneill,Charlton,United Kingdom
Karel,Naptine,Polygender,1/28/1961,lP7/}J<~#G|,knaptine4d@berkeley.edu,667-673-9712,49673,Autumn Leaf,Leeds,United Kingdom
Stephen,Gilhooly,Male,11/13/1960,fG6/K\.&,sgilhooly4e@msn.com,945-900-0136,56,Karstens,Swindon,United Kingdom
Winne,Schott,Female,6/15/1958,fG7>AzNk\X}uZ_I6,wschott4f@prnewswire.com,152-265-8705,9,Duke,Tullich,United Kingdom
Merrielle,Rosin,Female,12/10/1974,fP8\K~?IQi.%?4,mrosin4g@engadget.com,789-183-9142,96,Bellgrove,Manchester,United Kingdom
Sal,Bezley,Female,8/3/1957,"pZ3+G20GP&B""",sbezley4h@twitpic.com,535-633-0325,2248,Commercial,London,United Kingdom
Carly,Lucks,Female,9/9/2002,oC5.12/q1y6_',clucks4i@wufoo.com,556-352-0209,07544,Trailsway,Pentre,United Kingdom
Reade,Hatherall,Male,5/19/1998,zS9`L0c{3,rhatherall4j@cbc.ca,701-388-2851,01576,Manley,Newton,United Kingdom
Solly,Penfold,Male,2/18/1954,zY6)i}d!1q,spenfold4k@reuters.com,343-142-5577,2651,Pond,Newtown,United Kingdom
Arny,Zavattieri,Non-binary,7/7/1959,cF7!<*m3Z,azavattieri4l@ucla.edu,197-546-8858,0,Emmet,Newport,United Kingdom
Didi,Macieja,Female,2/8/1995,lZ4=i\Q'A,dmacieja4m@php.net,794-824-3414,21980,North,Liverpool,United Kingdom
Luci,Blaxton,Female,12/21/1978,tB9((Xv*,lblaxton4n@go.com,999-916-8011,51107,Rieder,Middleton,United Kingdom
Roger,Robic,Male,10/18/2005,rT8~``yb`CFEiTy7,rrobic4o@nhs.uk,189-694-4893,916,Fremont,Bristol,United Kingdom
Nikoletta,Mauditt,Female,3/12/1995,gM7}a'jFqy+$0yX`,nmauditt4p@google.com.br,630-452-5817,2610,Cottonwood,Normanton,United Kingdom
Lora,Marchington,Female,2/28/1987,"rY9?&{HT,",lmarchington4q@ucoz.ru,332-229-0693,34,New Castle,Sutton,United Kingdom
Dag,Timperley,Male,12/21/1986,"iC4%%,?WP",dtimperley4r@icq.com,728-587-5780,61435,Melvin,Buckland,United Kingdom
Gilemette,Liveley,Female,5/19/1996,yQ0|Q>?g%fRVJ|`a,gliveley4s@mediafire.com,442-929-7467,0,Clemons,Hatton,United Kingdom
Padget,Rendbaek,Male,6/27/1967,yU1*ds).jOxso.,prendbaek4t@miitbeian.gov.cn,974-664-5857,61,Pennsylvania,Newport,United Kingdom
Basilio,Lanyon,Male,8/20/1989,wL2$fmAm),blanyon4u@google.nl,481-664-9355,97,Pearson,Birmingham,United Kingdom
Brenden,Skitch,Male,9/7/1999,bN0$0elkP7{J)8BM,bskitch4v@redcross.org,325-680-0865,56558,Northview,London,United Kingdom
Wells,Gannan,Male,10/1/1962,lQ8>KG%4h)(`QEd,wgannan4w@purevolume.com,987-943-3665,20,Del Sol,Pentre,United Kingdom
Cris,Willox,Female,6/8/1974,"dF0""O._l,%|",cwillox4x@networksolutions.com,880-856-3160,6555,Park Meadow,Craigavon,United Kingdom
Dennison,Revie,Male,9/30/1972,yO6%x7RP1kIAQ,drevie4y@printfriendly.com,180-705-2257,76,Eagle Crest,Milton,United Kingdom
Saundra,Topes,Male,7/24/1980,vE5_9@xijx,stopes4z@goo.ne.jp,646-901-6240,9,Portage,Langley,United Kingdom
Chere,Fittes,Female,1/13/1989,mB3@s*0W8NiXS!,cfittes50@cornell.edu,535-696-7940,21,Heath,Leeds,United Kingdom
Zsa zsa,Sylvester,Female,1/24/1988,qO9}ajewjrIi6,zsylvester51@telegraph.co.uk,221-700-8866,5,Linden,London,United Kingdom
Kattie,Runnalls,Female,6/18/1976,fV2{1Uv>,krunnalls52@blog.com,695-983-7868,7337,6th,Langley,United Kingdom
Zebadiah,Phelips,Male,7/20/1983,jC9'QMqJe$h1BX,zphelips53@hibu.com,719-388-6094,646,Larry,Leeds,United Kingdom
Leticia,Westoll,Female,6/27/1987,cQ9~z?dBuTT8+3h<,lwestoll54@delicious.com,344-976-7536,2430,Northport,Walton,United Kingdom
Yvonne,Dicken,Polygender,8/3/1988,"rZ7{618N,sm{h",ydicken55@microsoft.com,522-652-1834,768,Mariners Cove,Stapleford,United Kingdom
Sunshine,Kenny,Polygender,7/13/1981,kK6(pm6(,skenny56@ox.ac.uk,851-459-1960,16079,Kenwood,London,United Kingdom
Marlo,Divver,Male,2/22/2002,hK4?<$mG|,mdivver57@qq.com,947-494-5022,4543,Coolidge,Bradford,United Kingdom
Walliw,Blower,Female,4/14/2008,kY2|@5<~')6H/g,wblower58@youtu.be,789-640-9576,697,Kropf,Milton,United Kingdom
Jessamine,Mosby,Female,4/15/1956,sC7=t_<)(+,jmosby59@gnu.org,941-254-4959,12683,Pearson,Upton,United Kingdom
Zoe,Jaques,Female,5/30/2008,vS3>SnrNz,zjaques5a@mit.edu,141-349-8432,98374,Butternut,Sheffield,United Kingdom
Winna,Mundell,Female,3/20/1995,kU1>}1ASDN|=,wmundell5b@europa.eu,964-491-9727,23,Fair Oaks,Swindon,United Kingdom
Carlos,Brigginshaw,Male,4/26/1986,rC1+}etg}=!),cbrigginshaw5c@nbcnews.com,750-533-5697,882,Drewry,Upton,United Kingdom
Sheffie,Oels,Male,7/3/1989,nN9>)RMwZ'0#,soels5d@dropbox.com,968-799-0734,8792,Surrey,Charlton,United Kingdom
Stu,Dumbarton,Male,4/7/1976,"uD5_Tm,#\",sdumbarton5e@cmu.edu,166-346-2893,912,Walton,Pentre,United Kingdom
Onida,Pindar,Female,11/29/1964,"yB3,7g0(Sx|'U)",opindar5f@census.gov,809-963-5250,984,Amoth,Carlton,United Kingdom
Israel,Colledge,Male,2/15/2000,zN4>Owz)QlsLXP,icolledge5g@nps.gov,650-168-4085,413,Spohn,East End,United Kingdom
Linet,Seyers,Female,8/30/1963,yO7)Q+0|8T\6,lseyers5h@paypal.com,909-688-9084,753,Lakewood,Kinloch,United Kingdom
Etti,MacCole,Female,3/28/2006,lE2?4fC41QsI.,emaccole5i@cargocollective.com,230-388-5350,3,Lakeland,Twyford,United Kingdom
Hagen,Rosengarten,Male,8/5/2002,"fE6""88E)>j",hrosengarten5j@hc360.com,594-610-2187,40,Fordem,Carlton,United Kingdom
Martie,Aleksandrikin,Female,3/8/1971,vP3*pA@%!c6YM,maleksandrikin5k@shinystat.com,383-696-9957,6607,Manley,Bristol,United Kingdom
Monty,Meale,Male,10/1/1993,zN1_12eEP)B,mmeale5l@marriott.com,358-410-6648,64703,Leroy,Aston,United Kingdom
Gardie,Dulinty,Male,1/9/1963,"jN7.kQ6),,hfn",gdulinty5m@blog.com,532-728-3437,58,Pleasure,Twyford,United Kingdom
Hailee,Fernandes,Female,1/9/1987,fQ4+coZD&m,hfernandes5n@homestead.com,746-375-5722,36088,Corben,Church End,United Kingdom
Hoyt,Vorley,Male,1/25/1974,dV1)'t1g,hvorley5o@wordpress.com,267-996-7468,47,Wayridge,Edinburgh,United Kingdom
Cathrine,Absolem,Female,11/9/1972,sU0(}69B`i9m}15k,cabsolem5p@cdc.gov,155-273-8632,006,Sachs,Norton,United Kingdom
Helaine,Morfey,Female,6/1/2003,"dR1""S#vAV4#ja",hmorfey5q@latimes.com,578-942-3353,41898,Talmadge,Denton,United Kingdom
Marylynne,Van den Bosch,Female,3/7/1998,"cI1""gYM``.+G",mvandenbosch5r@java.com,874-641-5048,3562,Goodland,Denton,United Kingdom
Harcourt,Roulston,Male,4/7/1975,"tX8_""=X1",hroulston5s@blinklist.com,909-371-0658,94,Montana,London,United Kingdom
Arni,Lindgren,Male,8/8/1977,qX5)+~6quiMn7,alindgren5t@reuters.com,407-195-3591,33364,Laurel,Glasgow,United Kingdom
Fonzie,Leach,Bigender,4/17/1979,hL1%HLBjf`A1%,fleach5u@opera.com,787-114-2295,811,Loomis,Dean,United Kingdom
Tomasina,Arr,Female,1/2/1965,hB4>QwOe/fnf/<O,tarr5v@eepurl.com,758-736-2541,87126,Thackeray,Langley,United Kingdom
Daisie,Ghelerdini,Female,11/20/1994,"uX0""!\cR{Qnp>",dghelerdini5w@telegraph.co.uk,804-797-1065,71,Hudson,Edinburgh,United Kingdom
Xylina,Guillot,Female,5/6/1989,wE9.i6>l!rUdR,xguillot5x@naver.com,121-138-8260,28432,Mosinee,Sheffield,United Kingdom
Ferdy,Baynes,Bigender,10/13/2005,iY5)'#(3zg)SR4_,fbaynes5y@jiathis.com,829-804-3905,78,Jenifer,Whitchurch,United Kingdom
Timothea,Saladino,Female,7/9/1968,vH3&k+tOGv,tsaladino5z@kickstarter.com,898-750-8541,10,Grover,Upton,United Kingdom
Margret,Gudeman,Female,4/19/1987,aQ6}LHWs+y,mgudeman60@nymag.com,261-310-7508,358,6th,Preston,United Kingdom
Patric,Oldall,Male,2/21/1963,oB5(StWi{,poldall61@rakuten.co.jp,469-717-3664,88,Mesta,Liverpool,United Kingdom
Elene,Wittey,Female,2/13/1965,fC2|h~>IJY,ewittey62@youtube.com,171-366-4501,2274,Larry,Ashley,United Kingdom
Rob,Barrass,Male,2/5/1976,pP6)$*7D>ML,rbarrass63@reuters.com,463-895-7629,9,Macpherson,Swindon,United Kingdom
Dukey,Perkis,Male,10/26/1966,nF7(`jIxN*5&_~,dperkis64@nba.com,837-122-0822,821,Brown,Newton,United Kingdom
Ardene,Pyatt,Female,6/16/1968,aZ0@pU@i,apyatt65@reverbnation.com,453-319-3999,3,Bultman,Newton,United Kingdom
Loralie,Tossell,Female,8/23/1994,"dJ2/7""wfgm|b?)0?",ltossell66@mozilla.com,451-251-0489,353,Michigan,Halton,United Kingdom
Egon,Riccardi,Male,6/23/1971,bO7|1!%O3`&9935G,ericcardi67@washington.edu,887-590-7471,1591,Leroy,Pentre,United Kingdom
Norah,Aslie,Female,11/4/1993,eU7)6~d5)O/,naslie68@cloudflare.com,743-128-0129,111,Esch,London,United Kingdom
Maxy,Abriani,Female,2/22/1980,"cO6&u5""<RbDC",mabriani69@furl.net,332-991-3588,688,Carioca,Newbiggin,United Kingdom
Woodman,Nansom,Male,5/31/2004,qT2'sKPll@\,wnansom6a@comsenz.com,205-907-2941,57027,Manitowish,Middleton,United Kingdom
Rowen,Doorbar,Male,6/10/2004,uB9$d?AyBf%@5,rdoorbar6b@youtube.com,427-523-1952,3388,Maple Wood,Linton,United Kingdom
Kirby,Gethen,Female,1/14/1964,"pL4!3`""gV",kgethen6c@mit.edu,245-204-9772,39,Bunting,London,United Kingdom
Barnabe,Kitcat,Male,8/13/1955,bN7\Gm>}`n5GzeNo,bkitcat6d@ustream.tv,910-890-5340,6176,Kennedy,Manchester,United Kingdom
Kipp,MacQuaker,Female,1/3/1960,oY8`gDaAP{t(bq&,kmacquaker6e@nifty.com,832-235-1124,93440,Kingsford,Weston,United Kingdom
Catlin,Jaan,Agender,7/29/1989,yP0\\9nN'm)69{,cjaan6f@php.net,931-895-2273,222,Carpenter,Belfast,United Kingdom
Ole,Sheron,Male,9/28/1993,"kF4+&cAGS""G=TwCY",osheron6g@friendfeed.com,842-886-2377,0785,Steensland,Kinloch,United Kingdom
Vito,Pollock,Male,2/25/1997,zV7\5\~+Va|4P,vpollock6h@tumblr.com,721-793-9719,8,Commercial,Weston,United Kingdom
Willette,Bartlomiej,Female,5/19/1961,nD0.Lm3g@8HN27Fx,wbartlomiej6i@guardian.co.uk,150-735-6519,5,Warbler,Ashley,United Kingdom
Dirk,Heckner,Male,11/22/1980,nC0|'MVVH(,dheckner6j@utexas.edu,841-656-1792,32,Milwaukee,Denton,United Kingdom
Lynda,Milsted,Female,9/25/1991,eQ7/j1m1,lmilsted6k@pagesperso-orange.fr,491-523-9039,4889,Sloan,Norton,United Kingdom
Aileen,Mallard,Female,2/11/1967,"xC8%HV,j",amallard6l@wp.com,462-611-4640,311,Stang,Langley,United Kingdom
Addi,Broadis,Female,9/8/1983,"qV4`Vi4S?K&i,\bM",abroadis6m@usgs.gov,962-509-7117,0,Artisan,Belfast,United Kingdom
Jolynn,Byrth,Female,9/25/1978,"hK1_Dw3C<ah8qP""",jbyrth6n@histats.com,547-333-6718,0085,Farmco,Edinburgh,United Kingdom
Anatol,Bygrave,Male,6/10/1976,"dR3)bZ5,Sb\%va}5",abygrave6o@blog.com,570-370-6686,66,Sauthoff,Linton,United Kingdom
Andros,Danelut,Male,4/10/1969,qK8#=PcVj$w,adanelut6p@privacy.gov.au,577-860-0707,5362,Killdeer,Birmingham,United Kingdom
Keelia,Plinck,Genderqueer,1/18/1971,dL0'Ypd9,kplinck6q@cmu.edu,380-276-4524,5444,Almo,East End,United Kingdom
Rancell,Cadell,Male,7/26/1995,wZ7#~?}Z4$d<(.sR,rcadell6r@tinyurl.com,890-317-7387,96803,Leroy,London,United Kingdom
Amandie,Roddam,Female,5/14/1960,qW8?({PUY42,aroddam6s@yellowbook.com,617-949-6654,916,Redwing,Burnside,United Kingdom
Ellene,Bassam,Female,3/17/1991,"bB2>!9(J,Bj$A",ebassam6t@marriott.com,409-204-8262,30,Anderson,Weston,United Kingdom
Anthia,Dillingham,Female,1/9/1997,yG3==`Af(m60Ki`,adillingham6u@thetimes.co.uk,455-594-1245,10,Summit,Kingston,United Kingdom
Gunilla,Garbett,Female,2/14/1996,uK1>igPK,ggarbett6v@state.tx.us,727-444-1462,9045,Thackeray,Ashley,United Kingdom
Moina,Delnevo,Female,12/20/1995,dN3#9~xt(,mdelnevo6w@mashable.com,244-752-2859,924,Stang,Birmingham,United Kingdom
Martguerita,Plewright,Female,2/7/1979,rN2=(@f@Cb@mj,mplewright6x@google.de,684-600-3794,6007,Sage,Sutton,United Kingdom
Storm,Ropars,Female,4/17/1967,nK2!w1lF)S!u`J,sropars6y@house.gov,354-322-5370,82,Hoepker,Kirkton,United Kingdom
Claudianus,Moreno,Male,6/11/1961,yW8)=i'E3jZR,cmoreno6z@springer.com,243-457-8392,311,Aberg,Milton,United Kingdom
Brittany,Lawty,Female,3/6/1956,"vB9""uUk""ZujdD",blawty70@hostgator.com,660-983-4320,0449,Johnson,Buckland,United Kingdom
Armand,Vernall,Male,8/30/1954,tQ2*/ngk{I_+Sn,avernall71@fotki.com,840-909-1303,82,Shopko,Thorpe,United Kingdom
Cornie,Showell,Male,12/8/1970,kB6`oqm%6xI{,cshowell72@ibm.com,757-836-7412,64245,Stephen,Middleton,United Kingdom
Celie,Cochern,Female,2/1/1981,xK9*EOYD&$sL=oX|,ccochern73@squarespace.com,958-507-1334,2952,Weeping Birch,Kingston,United Kingdom
Tabb,Goosnell,Male,7/14/1969,cV5~HBo}bvJ<,tgoosnell74@youtu.be,233-493-3666,4933,Raven,Milton,United Kingdom
August,Paslow,Male,3/28/1974,hB7<{Ej4wRvLOP(,apaslow75@odnoklassniki.ru,152-880-4142,8,Straubel,Church End,United Kingdom
Claude,Cosins,Female,4/12/1958,wE8&046\rxh.,ccosins76@who.int,883-148-6185,1,Messerschmidt,Horton,United Kingdom
Tamara,Yanez,Female,1/8/1988,eL5}==77,tyanez77@dailymail.co.uk,694-129-1762,67,Tony,Liverpool,United Kingdom
Whitby,Brouncker,Male,7/30/1979,sF6_*}T<o2GskRU,wbrouncker78@hubpages.com,840-934-8986,2,Graceland,Kingston,United Kingdom
Nonah,Kyllford,Female,2/25/1991,aX9$dDc!AbT$h%jZ,nkyllford79@cdc.gov,752-770-5535,793,Lakeland,Dean,United Kingdom
Zebulon,Tweed,Male,8/28/1993,iC2)F>+ylm5,ztweed7a@ustream.tv,831-653-6163,25,Michigan,Burnside,United Kingdom
Howey,Pulster,Male,4/15/1969,"rT0/X9S0,'SNI<*>",hpulster7b@thetimes.co.uk,834-931-2827,8,Little Fleur,Edinburgh,United Kingdom
Osbert,Dunkley,Male,11/26/1954,"pT1,!WJ8IqMa",odunkley7c@indiatimes.com,800-302-5908,408,Bunker Hill,London,United Kingdom
Rikki,Bernocchi,Non-binary,8/12/1958,"mF8,>8|$T_",rbernocchi7d@europa.eu,692-206-0722,20,Tennessee,London,United Kingdom
Anett,Dmisek,Female,8/24/1997,dG9+)XYEZ,admisek7e@topsy.com,780-482-5499,9,Bellgrove,Marston,United Kingdom
Korey,Have,Male,9/13/2000,"gQ4'""G@uGnAiVs""",khave7f@about.com,594-574-7304,8,Canary,Kingston,United Kingdom
Zorine,Rennick,Genderfluid,5/28/1997,dD6#3h2Kwm_,zrennick7g@dedecms.com,272-202-4996,27,Farragut,Walton,United Kingdom
Aigneis,Pre,Female,10/9/1982,qQ8>W\%Cp<tsAz?W,apre7h@ameblo.jp,501-820-5192,3124,Bashford,Marston,United Kingdom
Ibby,Burnitt,Female,9/8/1990,"yT8""f9fHJ",iburnitt7i@bbc.co.uk,848-297-8800,846,Del Mar,Newbiggin,United Kingdom
Felice,Rackam,Female,12/29/1959,hT6**=oUUek,frackam7j@cdbaby.com,929-516-4442,2,Elka,Upton,United Kingdom
Allyn,Geill,Male,5/13/1963,vS6\&II(\F..,ageill7k@addthis.com,706-805-6469,75087,Barnett,Ashley,United Kingdom
Kelcey,Caines,Female,2/13/1975,mV9!3ZFQ<w\R,kcaines7l@google.de,570-916-8817,405,Ridgeview,Merton,United Kingdom
Elsworth,Kerwin,Male,12/30/1973,eJ9_Ky.Rp)\SJlc,ekerwin7m@technorati.com,931-702-9554,45,David,Aston,United Kingdom
Donny,Cavell,Female,3/28/1958,"zH2""d_a}?n",dcavell7n@jiathis.com,414-114-2376,64597,Kinsman,Seaton,United Kingdom
Danny,Earnshaw,Male,1/18/1961,fX7(<W}{*U{d,dearnshaw7o@foxnews.com,129-684-4448,49,Jenifer,Eaton,United Kingdom
Loreen,Conring,Genderfluid,2/17/1956,dD0)#\IE\nc7%*7@,lconring7p@nsw.gov.au,512-116-2916,62969,Thompson,Aston,United Kingdom
Lisette,Petch,Female,7/22/1972,uM0!yX+UHNQ,lpetch7q@narod.ru,447-383-8667,7,Eagan,Church End,United Kingdom
Anita,Jeandot,Female,9/2/1975,qN5<5=NlB,ajeandot7r@typepad.com,502-621-9968,25,Towne,Newport,United Kingdom
Pietrek,Boyles,Bigender,10/14/1963,oP1\u!bWbii9,pboyles7s@nhs.uk,316-902-4361,6180,Glacier Hill,Newbiggin,United Kingdom
Nikki,MacKissack,Male,1/4/1977,zS6$sn'y,nmackissack7t@privacy.gov.au,198-233-6811,62,Clove,Church End,United Kingdom
Ginger,Plose,Male,10/17/1969,qU7\lOfwG&4On,gplose7u@fda.gov,549-230-0233,2419,New Castle,Church End,United Kingdom
Reuven,Jedrzejewski,Male,3/27/1965,"wD2}1,cVJe`tg0",rjedrzejewski7v@sina.com.cn,456-515-2938,0219,Birchwood,Newport,United Kingdom
Forrester,Fridlington,Male,9/1/1969,hD9{K~9KhL,ffridlington7w@reuters.com,881-269-5473,41,Oak,Kirkton,United Kingdom
Avrom,Gaddas,Male,11/17/1961,kH3!|.y59,agaddas7x@csmonitor.com,797-477-1304,19037,Longview,Craigavon,United Kingdom
Shena,Burgan,Female,7/22/1981,rA9.{FSN'%9pPN,sburgan7y@opensource.org,641-601-0011,5986,Anderson,London,United Kingdom
Hyacinthia,Lemmens,Female,1/13/1998,iY9('XYRq8df,hlemmens7z@hatena.ne.jp,763-157-5329,57,Meadow Vale,Kingston,United Kingdom
Ardeen,Davet,Agender,7/11/1972,mS0$!\=E1Po>aw,adavet80@nps.gov,301-199-2670,830,Warrior,Swindon,United Kingdom
Paulo,Snoxill,Male,1/6/1995,jI1%G@t%FNQ)2\#k,psnoxill81@trellian.com,818-992-4556,7244,Fisk,Denton,United Kingdom
Kurt,Dainty,Male,3/23/2004,dV5*I*(`,kdainty82@howstuffworks.com,665-267-1119,9,Acker,Belfast,United Kingdom
Towny,Hanlon,Male,7/13/1992,dV7#|>xjH35gn,thanlon83@accuweather.com,981-923-1853,1974,Crownhardt,Halton,United Kingdom
Bertrando,Baumber,Male,3/11/1974,"nL3{3,72A+/cq.L",bbaumber84@google.com.hk,331-973-0587,44,Nobel,London,United Kingdom
Ban,Blune,Male,9/18/2003,jL6$.hT~x0c,bblune85@about.com,311-420-1120,3,Union,Newtown,United Kingdom
Coletta,Gaymer,Female,12/11/2001,"eX5""hc*6=g_5u",cgaymer86@hugedomains.com,411-208-9139,123,Bunting,London,United Kingdom
Joelle,Emilien,Female,1/30/1999,tP2!g'bLu,jemilien87@narod.ru,172-359-1046,48684,Bultman,Wirral,United Kingdom
Gus,Worthy,Male,1/7/1987,rI1`mk?HD@uv,gworthy88@tamu.edu,489-712-4949,401,West,Hatton,United Kingdom
Aurelie,Waddilove,Female,3/26/1975,pP1/o5N.7w0,awaddilove89@newsvine.com,851-184-7410,0584,Dennis,Belfast,United Kingdom
Darelle,Medler,Female,5/9/2007,lX1}72x`J_lr{e,dmedler8a@youtu.be,316-421-1946,66,Petterle,Middleton,United Kingdom
Archer,Waymont,Male,5/31/2006,hM3+Sx7xbFi*y9g,awaymont8b@wikia.com,190-583-2924,1,Lakewood,Milton,United Kingdom
